iter	MultiClass
0	2.089729913
1	2.203940403
